SARS-CoV-2_400_1_LEFT_1,CTCTTGTAGATCTGTTCTCTAAACGAACTTT
SARS-CoV-2_400_1_RIGHT_1,AAAACGCCTTTTTCAACTTCTACTAAGC
SARS-CoV-2_400_2_LEFT_0,TCGTACGTGGCTTTGGAGACTC
SARS-CoV-2_400_2_RIGHT_0,TCTTCATAAGGATCAGTGCCAAGCT
SARS-CoV-2_400_3_LEFT_1,AGAACGGTAATAAAGGAGCTGGT
SARS-CoV-2_400_3_RIGHT_0,TTTGCCAATTTAATTTCAAAAGGTGTCTG
SARS-CoV-2_400_4_LEFT_0,CATGAAATTGCTTGGTACACGGAAC
SARS-CoV-2_400_4_RIGHT_0,AAATTTTAACAACAGCATTTTGGGGTAAGT
SARS-CoV-2_400_5_LEFT_0,TTTGTGGCACTGAGAATTTGACTAAAGA
SARS-CoV-2_400_5_RIGHT_0,ATAATGGCGATCTCTTCATTAAGTTTAAAGTC
SARS-CoV-2_400_6_LEFT_1,GTGTTGTTGGAGAAGGTTCCGA
SARS-CoV-2_400_6_RIGHT_1,TATTGTTATAGCGGCCTTCTGTAAAAC
SARS-CoV-2_400_7_LEFT_2,GCTGCTCGTGTTGTACGATCAAT
SARS-CoV-2_400_7_RIGHT_2,CTCCTTAATTTCCTTTGCACAGGTG
SARS-CoV-2_400_8_LEFT_0,TGCTTGTGAAATTGTCGGTGGAC
SARS-CoV-2_400_8_RIGHT_0,AAGCCCGTTAATACAAACTGGTGTAC
SARS-CoV-2_400_9_LEFT_0,GTCTTGAAAACTGGTGATTTACAACCATTA
SARS-CoV-2_400_9_RIGHT_0,GTAATTCAGATACTGGTTGCAAAGTTTTTATGA
SARS-CoV-2_400_10_LEFT_0,CTCGGTACAGAAGTAAATGAGTTCGC
SARS-CoV-2_400_10_RIGHT_0,TGTCCTCACTGCCGTCTTGTT
SARS-CoV-2_400_11_LEFT_0,GAGCAAGAAGAAGATTGGTTAGATGATGA
SARS-CoV-2_400_11_RIGHT_0,CGCTTAAAACACAACTACCACCCA
SARS-CoV-2_400_12_LEFT_0,CATGCAAGTTGAATCTGATGATTACATAGC
SARS-CoV-2_400_12_RIGHT_0,AGTTATAAATGGCTTAACTTCCTCTTTAGG
SARS-CoV-2_400_13_LEFT_0,CTGTCTTTGATAAAAATCTCTATGACAAACTTG
SARS-CoV-2_400_13_RIGHT_0,CTTTTTAGTAGGTATAACCACAGCAGTTAAAAC
SARS-CoV-2_400_14_LEFT_0,GTGACATTGACATCACTTTCTTAAAGAAA
SARS-CoV-2_400_14_RIGHT_0,CCCTTATATTTACGCTGTATAGTTGAAACTA
SARS-CoV-2_400_15_LEFT_0,CACATGCAGAAGAAACACGCAA
SARS-CoV-2_400_15_RIGHT_0,TCTTTATAGGAACCAGCAAGTGAGATG
SARS-CoV-2_400_16_LEFT_0,AATGGTTATCTTACTTCTTCTTCTAAAACACCT
SARS-CoV-2_400_16_RIGHT_0,AAATGTTTTACCTTCATGTGAATTATGAGG
SARS-CoV-2_400_17_LEFT_0,GACAACAGTTTGGTCCAACTTATTTGG
SARS-CoV-2_400_17_RIGHT_0,CTGTCTTATTACAGTAGGCTAAGATAAGTGC
SARS-CoV-2_400_18_LEFT_0,GCTCTACAAGATGCTTATTACAGAGC
SARS-CoV-2_400_18_RIGHT_0,ACTCACTAGCACAAGTAAATGTACCATG
SARS-CoV-2_400_19_LEFT_0,CCTTTTGTTATGATGTCAGCACCAC
SARS-CoV-2_400_19_RIGHT_0,CACATACAAACTTAAAATTATCGAAGCTTGC
SARS-CoV-2_400_20_LEFT_0,CCATAAAACCAGTTACTTATAAATTGGATGGT
SARS-CoV-2_400_20_RIGHT_0,CAGGTATTTGGTTTATACGTGGCTTTATTAG
SARS-CoV-2_400_21_LEFT_0,GAAAGGAGCTAAATTGTTACATAAACCTATTGT
SARS-CoV-2_400_21_RIGHT_0,AGGTTTCTTAATAGTAAGACTAGAATTGTCTAC
SARS-CoV-2_400_22_LEFT_0,TAAAAATTACAGAAGAGGTTGGCCACA
SARS-CoV-2_400_22_RIGHT_0,TAATTAAATGAAGCCTCTAGACAAAATTTACCG
SARS-CoV-2_400_23_LEFT_0,AATTCTAGAATTAAAGCATCTATGCCGACTA
SARS-CoV-2_400_23_RIGHT_0,CAAAAGCAGTTAAATCCCATTTAAAAGATG
SARS-CoV-2_400_24_LEFT_0,GTTTAGATTCTTTAGACACCTATCCTTCTTTAGA
SARS-CoV-2_400_24_RIGHT_0,ACAATAGTTGTACATTCGACTCTTGTT
SARS-CoV-2_400_25_LEFT_0,GTGCATGTTGTAGACGGTTGTAATTC
SARS-CoV-2_400_25_RIGHT_0,CTCTCAGGTTGTCTAAGTTAACAAAATGAGA
SARS-CoV-2_400_26_LEFT_0,CATCTTTACTTTGATAAAGCTGGTCAAAA
SARS-CoV-2_400_26_RIGHT_0,GAAATAAAAGTAGATAAGACATTGTCTAAGGAC
SARS-CoV-2_400_27_LEFT_0,AAAACTCAAAACACTAGTTGCAACTGC
SARS-CoV-2_400_27_RIGHT_0,CACATGTCAACTTAAAAGGTAAGTTATTCT
SARS-CoV-2_400_28_LEFT_0,CGTTAAAGATTTCATGTCATTGTCTGAACA
SARS-CoV-2_400_28_RIGHT_0,ATTAGTATAACTACCACCACGCTGG
SARS-CoV-2_400_29_LEFT_0,CAGATACTTGTTTTGCTAACAAACATGCT
SARS-CoV-2_400_29_RIGHT_0,ACATAACGTGTGTCAGGGCGTA
SARS-CoV-2_400_30_LEFT_0,CAATTTTTAAAGATGCTTCTGGTAAGCCA
SARS-CoV-2_400_30_RIGHT_0,ACAATACCACCAGCTACTATAGATGC
SARS-CoV-2_400_31_LEFT_1,GATCTTTACCAGGAGTTTTCTGTGG
SARS-CoV-2_400_31_RIGHT_0,ACAAATGATATAAGCAATTGTTATCCAGAAAGG
SARS-CoV-2_400_32_LEFT_0,GGTGTTTATTCTGTTATTTACTTGTACTTGACA
SARS-CoV-2_400_32_RIGHT_0,TTGCGAGATGACAACAAGCAGC
SARS-CoV-2_400_33_LEFT_0,ATAATAAGTACAAGTATTTTAGTGGAGCAATGG
SARS-CoV-2_400_33_RIGHT_0,AATGTCCAATAACCCTGAGTTGAACATTA
SARS-CoV-2_400_34_LEFT_0,TGAAGATTTACTCATTCGTAAGTCTAATCA
SARS-CoV-2_400_34_RIGHT_0,GTCAACAAAAGGTCCATAAAAGTTACCT
SARS-CoV-2_400_35_LEFT_0,TTTTTGTTACATGCACCATATGGAATTACC
SARS-CoV-2_400_35_RIGHT_0,AAATTCATCTTCTAATAAAGCACTACCCAA
SARS-CoV-2_400_36_LEFT_0,CCGTTTTAGATATGTGTGCTTCATTAAAAGAAT
SARS-CoV-2_400_36_RIGHT_0,GGCATATAGACCATATTAAAATAAGCTACAG
SARS-CoV-2_400_37_LEFT_0,AAACATAAGCATGCATTTCTCTGTTTGTT
SARS-CoV-2_400_37_RIGHT_0,ACCTCTGGCCAAAAACATGACA
SARS-CoV-2_400_38_LEFT_0,GTGGGCTCTTATAATCTCTGTTACTTCTAAC
SARS-CoV-2_400_38_RIGHT_0,CTTTACATCTGACATTTTAGACTGTACAGTG
SARS-CoV-2_400_39_LEFT_0,AACATTAAATTGTTGGGTGTTGGTGG
SARS-CoV-2_400_39_RIGHT_0,CAGAATCACCATTAGCAACAGCCT
SARS-CoV-2_400_40_LEFT_0,TCCCTTCCATCATATGCAGCTTTTG
SARS-CoV-2_400_40_RIGHT_0,TTTTTATATGTGTTATAGTCTGGTATGACAACC
SARS-CoV-2_400_41_LEFT_0,CAAGAGATGGTTGTGTTCCCTTGAA
SARS-CoV-2_400_41_RIGHT_0,AACAGTGCAAGTACAAACCTACCTC
SARS-CoV-2_400_42_LEFT_0,GCACTGATGACAATGCGTTAGC
SARS-CoV-2_400_42_RIGHT_0,CAATTAGTGATTGGTTGTCCCCCAC
SARS-CoV-2_400_43_LEFT_0,GCTTTTGCTGTAGATGCTGCTAAA
SARS-CoV-2_400_43_RIGHT_0,CACCGCAAACCCGTTTAAAAAC
SARS-CoV-2_400_44_LEFT_0,ATCAACTCCGCGAACCCATG
SARS-CoV-2_400_44_RIGHT_0,TGCCATTGTGTATTTAGTAAGACGTTGA
SARS-CoV-2_400_45_LEFT_0,ACTTCTTTAAGTTTAGAATAGACGGTGAC
SARS-CoV-2_400_45_RIGHT_0,TCTACAACAGGAACTCCACTACCT
SARS-CoV-2_400_46_LEFT_0,CTCAATGGTAACTGGTATGATTTCGGT
SARS-CoV-2_400_46_RIGHT_0,TGGAACACCATCAACAAATATTTTTCTCAC
SARS-CoV-2_400_47_LEFT_0,CTTTAATGTTTTATTCTCTACAGTGTTCCCAC
SARS-CoV-2_400_47_RIGHT_0,ATCCTGAGCAAAGAAGAAGTGTTTTAATTC
SARS-CoV-2_400_48_LEFT_0,GACTTTGCTGTGTCTAAGGGTTTCT
SARS-CoV-2_400_48_RIGHT_0,TTCTTTGCACTAATGGCATACTTAAGATTC
SARS-CoV-2_400_49_LEFT_0,CACTTTTCGCATATACAAAACGTAATGTC
SARS-CoV-2_400_49_RIGHT_0,CACTCATTAGCTAATCTATAGAAACGGTGT
SARS-CoV-2_400_50_LEFT_0,TCACTTGTTCTTGCTCGCAAACAT
SARS-CoV-2_400_50_RIGHT_0,TATTGAAACACACAACAGCATCGTCA
SARS-CoV-2_400_51_LEFT_0,CTTTGTGAATGAGTTTTACGCATATTTGC
SARS-CoV-2_400_51_RIGHT_0,AGGATGTTTAGTAAGTGGGTAAGCATCTATA
SARS-CoV-2_400_52_LEFT_2,TGGTACACTTATGATTGAACGGTTCG
SARS-CoV-2_400_52_RIGHT_2,GTGACATCACAACCTGGAGCATT
SARS-CoV-2_400_53_LEFT_0,GTGCTTGCATACGTAGACCATTCTTA
SARS-CoV-2_400_53_RIGHT_0,GACAGTTTAAATGTCTCCTCAGTAGCTTT
SARS-CoV-2_400_54_LEFT_1,TCAAGCTTTTTGCAGCAGAAACG
SARS-CoV-2_400_54_RIGHT_1,ACATTGCTAGAAAACTCATCTGAGATATT
SARS-CoV-2_400_55_LEFT_1,CAAGAGCACTATGTTAGAATTACTGGCTTATA
SARS-CoV-2_400_55_RIGHT_1,TTTCATCAAAGACAACTATATCTGCTGTC
SARS-CoV-2_400_56_LEFT_0,CACTATGTGAGAAGGCATTAAAATATTTGC
SARS-CoV-2_400_56_RIGHT_0,ACAATTTCAGCAGGACAACGCC
SARS-CoV-2_400_57_LEFT_0,GGCACACTAGAACCAGAATATTTCAATTC
SARS-CoV-2_400_57_RIGHT_0,AGTGGTTTGAGTGAATATGACATAGTC
SARS-CoV-2_400_58_LEFT_0,GGGACTACCAACTCAAACTGTTGATT
SARS-CoV-2_400_58_RIGHT_0,ATCATAGAGATGAGTCTTCTATAGGTCATGT
SARS-CoV-2_400_59_LEFT_0,GTGTTGACACTAAATTCAAAACTGAAGGTTTA
SARS-CoV-2_400_59_RIGHT_0,CGCACTACATTCCAAGGAAGTCC
SARS-CoV-2_400_60_LEFT_0,CGCCTGGAGATCAATTTAAACACC
SARS-CoV-2_400_60_RIGHT_0,GCATCACAACTAGCTACATGTGCAT
SARS-CoV-2_400_61_LEFT_0,GGTAACCTACAAAGCAACCATGATCT
SARS-CoV-2_400_61_RIGHT_0,TCCAAAATAGGCATACACCATCTGT
SARS-CoV-2_400_62_LEFT_2,TCTATGATGCACAGCCTTGTAGTGA
SARS-CoV-2_400_62_RIGHT_0,GTCTACAGACAGCACCACCTAAATTG
SARS-CoV-2_400_63_LEFT_0,AGTGTCAGATATAGATTATGTACCACTAAAGTCT
SARS-CoV-2_400_63_RIGHT_0,GCCCAAAGCTCAAATGCTACATTAAC
SARS-CoV-2_400_64_LEFT_0,AGTTGATGGTGTTGATGTAGAATTGTTTG
SARS-CoV-2_400_64_RIGHT_0,TAATGTGACTCCATTAAGACTAGCTTGTTT
SARS-CoV-2_400_65_LEFT_0,GCCCGTAATGGTGTTCTTATTACAGA
SARS-CoV-2_400_65_RIGHT_0,GTACTGTCCATAGGAATAAAATCTTCTAATTCA
SARS-CoV-2_400_66_LEFT_0,GGTTTACATCTACTGATTGGACTAGCTAAA
SARS-CoV-2_400_66_RIGHT_0,CACTATCACCATAATTTTGAAGGTCACAC
SARS-CoV-2_400_67_LEFT_1,AATTACAATCTAGTCAAGCGTGGCAA
SARS-CoV-2_400_67_RIGHT_1,CATATCACTAATAATGAGATCCCATTTATTAGC
SARS-CoV-2_400_68_LEFT_0,ATTGGTGATTGTGCAACTGTACATACA
SARS-CoV-2_400_68_RIGHT_0,ACTCATGTCAAATAAAGAATAGGAAGACAA
SARS-CoV-2_400_69_LEFT_0,ATGTCATGCATGCAAATTACATATTTTGGA
SARS-CoV-2_400_69_RIGHT_0,AGTCCTGAGTTGAATGTAAAACTGAG
SARS-CoV-2_400_70_LEFT_0,TTTATTGCCACTAGTCTCTAGTCAGTGT
SARS-CoV-2_400_70_RIGHT_0,AATTCACAGACTTTAATAACAACATTAGTAGCG
SARS-CoV-2_400_71_LEFT_0,GAGGCTGGATTTTTGGTACTACTTTAGA
SARS-CoV-2_400_71_RIGHT_0,ATGTTAATACCTATTGGCAAATCTACCA
SARS-CoV-2_400_72_LEFT_0,GGTTATTTTAAAATATATTCTAAGCACACGCCT
SARS-CoV-2_400_72_RIGHT_0,ATCTAACAATAGATTCTGTTGGTTGGACTC
SARS-CoV-2_400_73_LEFT_0,CGTTGAAATCCTTCACTGTAGAAAAAGG
SARS-CoV-2_400_73_RIGHT_0,GCTATAACGCAGCCTGTAAAATCATCT
SARS-CoV-2_400_74_LEFT_0,ATGTCTATGCAGATTCATTTGTAATTAGAGGT
SARS-CoV-2_400_74_RIGHT_0,TCCACAAACAGTTGCTGGTGC
SARS-CoV-2_400_75_LEFT_1,AACCATACAGAGTAGTAGTACTTTCTTTTGA
SARS-CoV-2_400_75_RIGHT_1,CCTGTAGAATAAACACGCCAAGTAGG
SARS-CoV-2_400_76_LEFT_0,CAAAAAGTTTCTGCCTTTCCAACAATTTG
SARS-CoV-2_400_76_RIGHT_0,TGACTAGCTACACTACGTGCCC
SARS-CoV-2_400_77_LEFT_0,GCAGGTATATGCGCTAGTTATCAGAC
SARS-CoV-2_400_77_RIGHT_0,AATTGGTGGTGTTTTGTAAATTTGTTTGAC
SARS-CoV-2_400_78_LEFT_0,GCAATATGGCAGTTTTTGTACACAATTAAA
SARS-CoV-2_400_78_RIGHT_0,GCACCAAAGGTCCAACCAGAAG
SARS-CoV-2_400_79_LEFT_0,GATGAAATGATTGCTCAATACACTTCTGC
SARS-CoV-2_400_79_RIGHT_0,TGCCTGTGATCAACCTATCAATTTG
SARS-CoV-2_400_80_LEFT_0,ACGCTTGTTAAACAACTTAGCTCCAA
SARS-CoV-2_400_80_RIGHT_0,CTTCACGAGGAAAGTGTGCTTTTC
SARS-CoV-2_400_81_LEFT_0,CATGTGACTTATGTCCCTGCACA
SARS-CoV-2_400_81_RIGHT_0,GAGATTCATTTAAATTCTTGGCAACCTCATT
SARS-CoV-2_400_82_LEFT_0,TGATTTAGGTGACATCTCTGGCATTAATG
SARS-CoV-2_400_82_RIGHT_0,GATTTCACCTTGCTTCAAAGTTACAGTTC
SARS-CoV-2_400_83_LEFT_0,CATTACACATAAACGAACTTATGGATTTGT
SARS-CoV-2_400_83_RIGHT_0,GCCAAAGCCTCATTATTATTCTTACAAAGTTTA
SARS-CoV-2_400_84_LEFT_2,GTAACAGTTTACTCACACCTTTTGCTC
SARS-CoV-2_400_84_RIGHT_2,TGTTCAACACCARTGTCTGTACTC
SARS-CoV-2_400_85_LEFT_0,TCACTTCAGACTATTACCAGCTGTACTC
SARS-CoV-2_400_85_RIGHT_0,AAAGAAGGTTTTACAAGACTCACGTTAAC
SARS-CoV-2_400_86_LEFT_0,CATCCTTACTGCGCTTCGATTGT
SARS-CoV-2_400_86_RIGHT_0,ACCGGTGATCCAATTTATTCTGTAAA
SARS-CoV-2_400_87_LEFT_1,AGGTTTCCTATTCCTTACATGGATTTGT
SARS-CoV-2_400_87_RIGHT_1,CCTTGATGTCACAGCGTCCT
SARS-CoV-2_400_88_LEFT_2,GTGGACATCTTCGTATTGCTGGA
SARS-CoV-2_400_88_RIGHT_2,CCATTGGTTGCTCTTCATCTAATTGAG
SARS-CoV-2_400_89_LEFT_2,GATGTTTCATCTCGTTGACTTTCAGG
SARS-CoV-2_400_89_RIGHT_0,GCCGTCAGGACAAGCAAAAG
SARS-CoV-2_400_90_LEFT_0,TCATCCTCTAGCTGATAACAAATTTGCA
SARS-CoV-2_400_90_RIGHT_0,TTCTTGGTGAAATGCAGCTACAG
SARS-CoV-2_400_91_LEFT_0,TATCTTTTGGTTCTCACTTGAACTGCAA
SARS-CoV-2_400_91_RIGHT_0,CGAACGTCATGATACTCTAAAAAGTCTT
SARS-CoV-2_400_92_LEFT_0,TTCCTGTTTACCTTTTACAATTAATTGCCAG
SARS-CoV-2_400_92_RIGHT_0,CTTCGGTAGTAGCCAATTTGGTCATC
SARS-CoV-2_400_93_LEFT_0,TCGAGGACAAGGCGTTCCAA
SARS-CoV-2_400_93_RIGHT_0,GCCTGGAGTTGAATTTCTTGAACT
SARS-CoV-2_400_94_LEFT_0,GCAGTCAAGCCTCTTCTCGTT
SARS-CoV-2_400_94_RIGHT_0,CATTCCGAAGAACGCTGAAGC
SARS-CoV-2_400_95_LEFT_0,CTGATTACAAACATTGGCCGCAAA
SARS-CoV-2_400_95_RIGHT_0,ATCTGCCTTGTGTGGTCTGCA
SARS-CoV-2_400_96_LEFT_1,CTGCAGATTTGGATGATTTCTCCA
SARS-CoV-2_400_96_RIGHT_0,TTTGTCATTCTCCTAAGAAGCTATTAAAATCAC
